model,iou,f1,precision,recall
MoE,0.4496314525604248,0.5346442461013794,0.4496314525604248,1.0
SimpleCNN,0.4496307373046875,0.5346429347991943,0.4496307373046875,1.0
